Provincia,Distrito,Centro Poblado,UGT,COD_Inst,Cod modular,Cod local,Institución educativa,Nivel modular
PROVINCIA EJEMPLO UNO,DISTRITO A,CP A-1,UGT EJEMPLO NORTE,IE-1000,1000001,2000000,IE EJEMPLO 01,Inicial - Jardín
PROVINCIA EJEMPLO DOS,DISTRITO B,CP B-2,UGT EJEMPLO SUR,—,1000002,,IE EJEMPLO 02,Inicial No Escolarizado
PROVINCIA EJEMPLO UNO,DISTRITO C,CP C-3,UGT EJEMPLO NORTE,IE-1002,1000003,2000002,IE EJEMPLO 03,Inicial - Jardín
PROVINCIA EJEMPLO DOS,DISTRITO A,CP A-4,UGT EJEMPLO SUR,—,1000004,,IE EJEMPLO 04,Inicial No Escolarizado
PROVINCIA EJEMPLO UNO,DISTRITO B,CP B-5,UGT EJEMPLO NORTE,IE-1004,1000005,2000004,IE EJEMPLO 05,Inicial - Jardín
PROVINCIA EJEMPLO DOS,DISTRITO C,CP C-6,UGT EJEMPLO SUR,—,1000006,,IE EJEMPLO 06,Inicial No Escolarizado
PROVINCIA EJEMPLO UNO,DISTRITO A,CP A-7,UGT EJEMPLO NORTE,IE-1006,1000007,2000006,IE EJEMPLO 07,Inicial - Jardín
PROVINCIA EJEMPLO DOS,DISTRITO B,CP B-8,UGT EJEMPLO SUR,—,1000008,,IE EJEMPLO 08,Inicial No Escolarizado
PROVINCIA EJEMPLO UNO,DISTRITO C,CP C-9,UGT EJEMPLO NORTE,IE-1008,1000009,2000008,IE EJEMPLO 09,Inicial - Jardín
PROVINCIA EJEMPLO DOS,DISTRITO A,CP A-10,UGT EJEMPLO SUR,—,1000010,,IE EJEMPLO 10,Inicial No Escolarizado
PROVINCIA EJEMPLO UNO,DISTRITO B,CP B-11,UGT EJEMPLO NORTE,IE-1010,1000011,2000010,IE EJEMPLO 11,Inicial - Jardín
PROVINCIA EJEMPLO DOS,DISTRITO C,CP C-12,UGT EJEMPLO SUR,—,1000012,,IE EJEMPLO 12,Inicial No Escolarizado
PROVINCIA EJEMPLO UNO,DISTRITO A,CP A-13,UGT EJEMPLO NORTE,IE-1012,1000013,2000012,IE EJEMPLO 13,Inicial - Jardín
PROVINCIA EJEMPLO DOS,DISTRITO B,CP B-14,UGT EJEMPLO SUR,—,1000014,,IE EJEMPLO 14,Inicial No Escolarizado
